-- phpMyAdmin SQL Dump
-- version 5.2.1
-- https://www.phpmyadmin.net/
--
-- Host: 127.0.0.1:3306
-- Tempo de geração: 28/05/2025 às 02:32
-- Versão do servidor: 8.3.0
-- Versão do PHP: 8.2.18

SET SQL_MODE = "NO_AUTO_VALUE_ON_ZERO";
START TRANSACTION;
SET time_zone = "+00:00";


/*!40101 SET @OLD_CHARACTER_SET_CLIENT=@@CHARACTER_SET_CLIENT */;
/*!40101 SET @OLD_CHARACTER_SET_RESULTS=@@CHARACTER_SET_RESULTS */;
/*!40101 SET @OLD_COLLATION_CONNECTION=@@COLLATION_CONNECTION */;
/*!40101 SET NAMES utf8mb4 */;

--
-- Banco de dados: `empresa`
--
CREATE DATABASE IF NOT EXISTS `empresa` DEFAULT CHARACTER SET utf8mb4 COLLATE utf8mb4_0900_ai_ci;
USE `empresa`;

-- --------------------------------------------------------

--
-- Estrutura para tabela `cliente`
--

DROP TABLE IF EXISTS `cliente`;
CREATE TABLE IF NOT EXISTS `cliente` (
  `id_cliente` int NOT NULL AUTO_INCREMENT,
  `nome` varchar(100) DEFAULT NULL,
  `endereco` varchar(200) DEFAULT NULL,
  PRIMARY KEY (`id_cliente`)
) ENGINE=MyISAM AUTO_INCREMENT=101 DEFAULT CHARSET=utf8mb4 COLLATE=utf8mb4_0900_ai_ci;

--
-- Despejando dados para a tabela `cliente`
--

INSERT INTO `cliente` (`id_cliente`, `nome`, `endereco`) VALUES
(1, 'wgk08ubRby', 'cV6iPzpi5MmPrUwjRcxU'),
(2, 'Qpg3G1pFmb', 'tFMDqdImQcxYbCox5oYF'),
(3, 'CnNak2zHB0', 'CETkW4KzPtDUM8f1GAEL'),
(4, 'jKK3XpizgJ', 'EUamNAlL5AHGtG3qWjhX'),
(5, 'A5s6xAuCCX', 'XxPFaDbY4JNW1MdNXlkw'),
(6, 'rukbDzmSji', 'UQTOtU5N9Zl5bHi7xI8J'),
(7, 'gHk6HTanv1', 'MQLsPjfa78Oip3BrLcVs'),
(8, 'g07Np19Cic', '4Q5Hj8BRkNj4MuxEpKCe'),
(9, 'eI7Amu1gEE', 'kSbkHLwwUUg18dvz4jIU'),
(10, 'U6hVXhfxjX', 'RUlmHflrtfBuHLjDYNSU'),
(11, 'ebv4ezrdZ0', 'O7EIgR7HunSSpgFIukol'),
(12, 'S1wbJU6mAO', 'r6nnJk0poAnJh3exFMVj'),
(13, 'SqqsVQia36', 'JCSbNwfWBgEzPnoJCMFr'),
(14, 'vNpd2GLiko', '4aZ1BrF4WWsRUkm3Oq3l'),
(15, 'XlCWlsrmoy', 'mfgCmcSLAZWdtu1kAKif'),
(16, 'VnXX09bGiK', 'sQG4Fzo9jFiH8iEQN6zn'),
(17, 'sW6IzU13n6', 'sADFz6QDFrreikbzgudb'),
(18, 'XJuQXjUxmV', 'zTlSNrphyJtkk1jNk9Zw'),
(19, '4idWzNouyd', '6kuGPUvmiPa95jy5oqmB'),
(20, 'j2mevxOHNx', 'kNrQcOb3UMaaS7H45c1T'),
(21, 'AYlwA44tqe', '2Z5q3bqmu2O8sQ5337Pn'),
(22, 'kZ8RLDILQy', 'EZama8S6ZkMLFEJSYyw7'),
(23, '0879ChmqdL', 'fRqhjE61Z5zPhUy3LRBq'),
(24, 'vS1ANDPQr9', 'WYvYvYTo7JX01s9ssuOt'),
(25, 'QIFmyAYnJE', '2ZIojfsHJ6YynACnZf9U'),
(26, 'vUlWqOJyHL', 'Jj6a0vC5OM0gU3ys12wa'),
(27, 'Z6WWtG3GwH', 'McoDnTzOYVRQLlO0jdAU'),
(28, '8JOlxOdchT', 'j2QzTnwpT4dQrD0CF79a'),
(29, 'GDREquDlRI', 'ENCUWMuOqZUvMy6KqENP'),
(30, 'e2k3Pqy7d2', 'oMliUDUpU9p7zcd79zLB'),
(31, 'GZs65YxTpk', 'qzlTKysrZo9fl1yMfXwP'),
(32, 'H1bgDbfeBG', 'kkHrteuovrlER64b7G2t'),
(33, 'ChOPT95heI', 'nSdxZn87UUmZYLpRESSJ'),
(34, 'HClbvuQYca', 'RzqyDNCiTVZV74ZrggL8'),
(35, 'pdI0YwIT9g', 'Z8X4MC1RTdHkCIj49Ew7'),
(36, '12XG47aE5h', 'U61KUBMJ1yQ51N1b0Mtg'),
(37, 'aejmi3RILR', 'HFqQgfdiVzprbC45zTWU'),
(38, 'CutY8n1dhJ', '1yI9MfqEaGacBJBqAaAY'),
(39, 'FOdTLVocZU', 'LAhC7AApimaWIhal84eb'),
(40, 'RyBzwx7kNT', 'N5MytLtAqcXJhy9ui3GD'),
(41, 'fyUmuka6Pg', '5uUzUi28itnaSY3nT4MG'),
(42, 'IeiPj9iCxY', 'wGnh7AnohXkZclPcLSBV'),
(43, '7dEFRGKhk4', 'auuR9k21YMr2IoR3USMd'),
(44, 'Yw00YV4hA0', '3Ckor3hXRpZwxLLpSNB5'),
(45, '2sIstRcjCQ', 'nhQf4u4mQqXd7y1ISrOa'),
(46, 'TssHxG80b5', 'pKl4OdKd0dOVhEVPVPWK'),
(47, 'NEZassS7gR', '5NjlkLcMSk4WGU7h9dZe'),
(48, 'pdwFALe63Q', 'vo8V09HiT9BNMICE8mAi'),
(49, 'Nnh1IMCYEG', 'AseobRyPrzeaL6I5KWS6'),
(50, 'uTcPQiKRne', 'Fh3Men7yltbE1HITMa9b'),
(51, '0UkW1hRaqT', 'HK3EkzbIrV1ClbkMHltg'),
(52, 'KdanVwcnq5', 'btbO331BH8nIE0CIP26t'),
(53, '0mJUJ8W7Fb', 'fjLunoH5k9gDDQLHKAzf'),
(54, 'V4Ykj54hdz', 'vUpeLfakNdMlRb358iC1'),
(55, 'UM6mTA4LAt', 'rc45wFghUfjIQJGeBc81'),
(56, 'YCF8k5WRfq', 'HSC3CRSnhfzvyi98gbv3'),
(57, 'RxltBeD2MS', 'por99c0PbWEOjCgvLQk4'),
(58, 'qva7cd1iq3', 'IQqsSOY4DFQzWM3kJ1M2'),
(59, 'Zv6prfuNiz', 'i3j7TLikqqeU9zFgiWj9'),
(60, 'dPz3gLGug2', 'q89G9xNzjRCyc9fbM1Qi'),
(61, 'z5coumQgnN', 'RgkQckwmB2iIb47J5NkQ'),
(62, 'fTuWtQQ4Ah', 'N8pxtgUrFxYbSYuk80c4'),
(63, 'KBfAQ3JL9q', 'tOy6gE2D3xHxlc4RNePG'),
(64, 'qFBDLbIQx3', 'blKvw0UNpT0bpKErmbPr'),
(65, 'J6RlPYoPmE', '19rcQK77eddSTVdSSmPx'),
(66, 'mPRnggh5Fx', '8FtQMb38uQWS9b50IGtV'),
(67, 'ZHKUHPVh2L', 'GkqHTUylMGBuh3d7yY1p'),
(68, 'jTT81xmHQf', 'S8RKbyc1bzy83HSuE22F'),
(69, 'ySRshpg6ZC', 'cKA2TIDCmP1j32kGAPxX'),
(70, 'KwHEQOpK78', '3H8PXOIRSQauiY8uhkCV'),
(71, 'QgeUD6nJ1B', 'o2BI7Jcz3llUUbfM0kL1'),
(72, '9SHHcFF7NP', 'xWDAHFrY1OSlLBVClVCE'),
(73, 'cb6gmA7QJY', 'eAPRMdi5AzsOBClLSsSJ'),
(74, 'WrIDaB7FlF', 'vbhpzRUZscUmpHZyTbDh'),
(75, 'Y79hwkXymc', 'fWd4zsJ6POwlASdT7jLC'),
(76, 'mVuBr5lsOp', 'J0i4GTiN7YCQnQHwPNzA'),
(77, 'nrmS0mMLDZ', 'jBA1InzHdroCbuLOy3zY'),
(78, '5gOTrJl8XE', 'R4sFFgDFbpu1P7CJHRqt'),
(79, 'CoN9uSMOv6', 'PA9lEdQGz8LsccbNaATC'),
(80, 'S0o3TgCEZz', 'yrbYSKaW206WHywRVOrE'),
(81, 'ZzK7HSuLJK', 'JBM55SEeSJWFIcPsic6i'),
(82, 'xYasf1lB2g', 'vJGvq0mulP4qyFiKQZA9'),
(83, 'cRfjzLhVZB', 'r5lZFhhuyWTaVkWnpljM'),
(84, 'JN8krWJs1Q', 'VWeTLmeWUxGVxmVfdd0P'),
(85, 'yL5v3B9xZT', '3K9oBElUy2fer589C1VU'),
(86, 'reX92eEbcG', 'TbqF3HlD30rYkKPiiPPQ'),
(87, 'Mt4R7mj4lC', 'vSnywXgDzam0XIPQlEoA'),
(88, 'fsKPzc3HxY', 'EEgWZvMYnYDPlQzm1a36'),
(89, 'QJi7mCSRoY', 'FkFvaVPaLvgEvzg18FjB'),
(90, 'LI2yWL78x7', 'stF4rPstnJuFnrlKMufc'),
(91, '9fIg6ew1b4', 'jigRyOTdiC1Ez59UXAAO'),
(92, 'wGS8mk6vqY', '1UBlUWN1wZmELBu2Wrkg'),
(93, 'qrGhkpf3ef', 'X1HTKhZdzR7kvEqyo8xe'),
(94, 'dmRP29s7ZQ', 'vB17Gr5rROOx1C1ioDZf'),
(95, '0brS7hJzWF', '3P6lCtI5KbwhjOsOnGxN'),
(96, 'wyMDkeDifQ', 'xHPAotNyPS5N1h1jhzxf'),
(97, 'fN3BDSrmcI', 'ldDMx4zp6bol76J9J9fX'),
(98, 'Rtc1A3taoL', 'EqCfyrankbCfACBI9ZDH'),
(99, '7lCmBzTKTR', '6ow2bcjz2rVYJ9EXQadv'),
(100, 'kEm31mfU3u', 'OyzvF5X4wAMQWgj5pfR6');

-- --------------------------------------------------------

--
-- Estrutura para tabela `login`
--

DROP TABLE IF EXISTS `login`;
CREATE TABLE IF NOT EXISTS `login` (
  `id_login` int NOT NULL AUTO_INCREMENT,
  `login` varchar(50) DEFAULT NULL,
  `senha` varchar(50) DEFAULT NULL,
  PRIMARY KEY (`id_login`)
) ENGINE=MyISAM AUTO_INCREMENT=101 DEFAULT CHARSET=utf8mb4 COLLATE=utf8mb4_0900_ai_ci;

--
-- Despejando dados para a tabela `login`
--

INSERT INTO `login` (`id_login`, `login`, `senha`) VALUES
(1, 'xGcW429U', 'UVUAwTRk'),
(2, 'ZW3ZR8F4', '45kCORNV'),
(3, '9Qr2CiCn', 'V9VapjMc'),
(4, 'pYnFlupf', 'rteHPLQB'),
(5, 'FmYneU60', 'VwiXiiEr'),
(6, '2CzszZNi', 'xvMihuqL'),
(7, 'fberoNEZ', 'gJKOODaJ'),
(8, 'x2azhlZI', '8WbqkHva'),
(9, 'c2JDz6E8', 'QF6h2c5r'),
(10, 'SzqhG21o', 'uZwNQkjG'),
(11, '65OYkibc', 'Ucplm3xx'),
(12, 'D9JbC5ia', 'CO7ldY5e'),
(13, '8G0GVwvD', 'NKsrtPek'),
(14, 'Hott9q8m', 'RGGzbszp'),
(15, 'lZW2fWrV', 'I8oZsF9s'),
(16, 'eQIyWbvG', '911QgPJv'),
(17, 'Xq5BP4rD', 'BceLNc7f'),
(18, 'w5eGAlF6', 'yD3Gsab9'),
(19, 'rOimmqmX', 'io8hg81q'),
(20, 'Ld6cI0Tw', '4YFNGst9'),
(21, 'w0g5WreV', 'rA9iLkS5'),
(22, '6XL36Ss4', 'O1kNBjxF'),
(23, 'KlE9ZC1P', 'GqPagQK4'),
(24, 'EBmaFw2K', 'mQeIvZX8'),
(25, 'd5NmumeN', '4iQdKS3E'),
(26, 'jd4s272v', 'RzUADSut'),
(27, 'vYAmDE2p', 'bNgAEuIv'),
(28, 'WTEAFJnU', 'jsSMyqM3'),
(29, 'I2Gho7Ty', 'lgQGlM1r'),
(30, '0M7eTxZP', 'dy2g1LkJ'),
(31, 'gbvmRGmE', '3IVc89TO'),
(32, 'wBNi2Mju', 'm01kUaSX'),
(33, 'pvhVmqfH', 'QmwdbbW0'),
(34, 'mcFY3LxB', 'KIzWyICV'),
(35, 'Ji7cTvDN', 'RuT6wc8l'),
(36, 'EwVZfgvd', 'CyubYHVQ'),
(37, 'BUKNKuxm', 'dbN0AO2v'),
(38, 'leltFcLL', 'BxavyhmU'),
(39, 'e04LIzcm', 'TPcAjt1B'),
(40, 'fMC4RIJR', 'MF1yrMVs'),
(41, 'HkeeEtYg', '8kbl1QMj'),
(42, 'XPraFBT2', 'cCWc6cu0'),
(43, '14U4O4Iq', 'cgc9heOc'),
(44, 'N19bhAGJ', 'km6dcuLx'),
(45, 'qdCvZiVv', 'JuWfYMFR'),
(46, 'U0lVBDDi', '5F9rIEmd'),
(47, 'UjLrmCLm', 'b1nA8JDY'),
(48, 'pHsIG1LF', '0F0kUpUY'),
(49, 'WhPfxXSZ', 'kAfOJI0s'),
(50, 'UXOxBeul', 'Gmat0vBT'),
(51, '0pEw1P18', 'WuWz9y11'),
(52, 'lwMJftdM', 'oRUNjPCh'),
(53, 'Zk3XMPIQ', 'CZbYr7KR'),
(54, 'DF29GWdh', 'FkIVtp99'),
(55, 'jW9SIDri', '3mAikEyE'),
(56, 'rQbqv7QM', 'kvMpTIHr'),
(57, '15TaGJnS', 'BiX3i9xC'),
(58, '2j5nAN1O', 'I8XwJ6vJ'),
(59, 'IMKDVK5U', 'C9xRHQG0'),
(60, '3qMfDIYy', 'ofes7HZa'),
(61, 'ddnGtPsb', 'XK5ljaNk'),
(62, 'TO8r7eVQ', 'fOLqh2jw'),
(63, 'SiScwIce', 'uVUBPZxd'),
(64, 'mNjoenb0', 'JNbVetdH'),
(65, 'CTgDro5z', '942lNSmK'),
(66, 'SK88axsQ', 'Mh1aD8hU'),
(67, '1jALoHJT', '0otkfjlj'),
(68, 'cFk9P9Vt', 'J5hiupyT'),
(69, 'Hj5pDe1y', 'WjgoZ8tM'),
(70, '3usz1KEu', 'kDWskWt2'),
(71, 'XNJPQK3M', 'Mptox6wI'),
(72, 'yLVNQs5t', 'iacjfPvJ'),
(73, 'UKR3hSVA', 'rt6IMrS9'),
(74, 'Vn4Lo4ua', 'EPoddnTu'),
(75, 'b05AW5o0', '6h4vtCEb'),
(76, '7X14WQaV', '0rmFk9lm'),
(77, '8JNxY5gw', 'sWcKREBk'),
(78, 'vW0HiomN', 'fgeDdGq9'),
(79, 'gTxhU8IQ', 'J46pU8O2'),
(80, 'ebJGxdY4', 'dZSKRpRf'),
(81, '7HbNF92Z', '0Mtgq8hY'),
(82, '86lUp2hS', 'EBrsWvX0'),
(83, 'PcqsaFD3', '3HQ7r74F'),
(84, '40OtRSL6', 'Q5sif45n'),
(85, 'TzpcSh5T', 'Riiv62Qc'),
(86, 'QPojj49I', 'QN4cRCv5'),
(87, '9X64IEP3', 'CMhoMgwa'),
(88, 'ZJ7zz2gj', 'H6DdoqHi'),
(89, 'qzMio6gI', '8hiJdquN'),
(90, 'n43RJzFK', 'gvviZycb'),
(91, 'w2NllxbO', 'hBAapXiZ'),
(92, 'tyJPhv8I', 'm90wyp1M'),
(93, 'R9qhO2SV', 'S21jqiPR'),
(94, 'oCnZGgTx', 'fwxOmNfI'),
(95, 'f3TyO2E9', 'LCLtvSGv'),
(96, 'XpH83RkI', 'XGxCSoB2'),
(97, 'Gl27BDBF', 'soSC0ssz'),
(98, 'EZ6MoSL8', 'iGPthPyA'),
(99, 'T09ku4HZ', '5aOZp42W'),
(100, 'sYQy0KnZ', 'W4QAE9cr');

-- --------------------------------------------------------

--
-- Estrutura para tabela `pagamento`
--

DROP TABLE IF EXISTS `pagamento`;
CREATE TABLE IF NOT EXISTS `pagamento` (
  `cod_pag` int NOT NULL AUTO_INCREMENT,
  `data_pagamento` date DEFAULT NULL,
  `forma_pag` varchar(50) DEFAULT NULL,
  `cod_reserva` int DEFAULT NULL,
  PRIMARY KEY (`cod_pag`),
  KEY `cod_reserva` (`cod_reserva`)
) ENGINE=MyISAM AUTO_INCREMENT=101 DEFAULT CHARSET=utf8mb4 COLLATE=utf8mb4_0900_ai_ci;

--
-- Despejando dados para a tabela `pagamento`
--

INSERT INTO `pagamento` (`cod_pag`, `data_pagamento`, `forma_pag`, `cod_reserva`) VALUES
(1, '2020-05-07', 'Dinheiro', 61),
(2, '2021-12-05', 'Cartão', 41),
(3, '2021-12-14', 'Cartão', 51),
(4, '2023-12-22', 'Cartão', 55),
(5, '2020-10-16', 'Cartão', 93),
(6, '2023-08-27', 'Dinheiro', 17),
(7, '2020-04-26', 'Dinheiro', 53),
(8, '2020-11-12', 'Cartão', 87),
(9, '2021-08-04', 'Dinheiro', 95),
(10, '2022-08-28', 'Dinheiro', 81),
(11, '2021-09-04', 'Dinheiro', 29),
(12, '2022-12-18', 'Dinheiro', 88),
(13, '2022-07-01', 'Dinheiro', 84),
(14, '2020-05-17', 'Cartão', 30),
(15, '2023-02-28', 'Cartão', 76),
(16, '2022-12-08', 'Cartão', 67),
(17, '2020-10-20', 'Cartão', 51),
(18, '2021-02-02', 'Dinheiro', 22),
(19, '2022-05-14', 'Cartão', 96),
(20, '2020-05-25', 'Dinheiro', 55),
(21, '2020-08-11', 'Cartão', 4),
(22, '2020-03-08', 'Dinheiro', 11),
(23, '2022-02-07', 'Dinheiro', 35),
(24, '2020-05-25', 'Dinheiro', 11),
(25, '2022-07-25', 'Dinheiro', 61),
(26, '2020-07-05', 'Dinheiro', 78),
(27, '2022-04-16', 'Dinheiro', 61),
(28, '2022-06-22', 'Dinheiro', 57),
(29, '2021-11-24', 'Dinheiro', 93),
(30, '2023-10-12', 'Cartão', 32),
(31, '2023-03-24', 'Dinheiro', 11),
(32, '2020-01-11', 'Dinheiro', 58),
(33, '2022-02-22', 'Dinheiro', 31),
(34, '2023-09-25', 'Cartão', 69),
(35, '2023-03-14', 'Cartão', 26),
(36, '2021-11-07', 'Dinheiro', 69),
(37, '2023-04-14', 'Dinheiro', 69),
(38, '2020-07-04', 'Dinheiro', 23),
(39, '2023-10-06', 'Cartão', 70),
(40, '2023-09-26', 'Cartão', 45),
(41, '2023-02-04', 'Dinheiro', 6),
(42, '2020-03-09', 'Cartão', 35),
(43, '2021-01-05', 'Cartão', 14),
(44, '2023-02-25', 'Dinheiro', 93),
(45, '2023-12-08', 'Dinheiro', 100),
(46, '2023-09-20', 'Dinheiro', 88),
(47, '2021-08-07', 'Cartão', 85),
(48, '2021-07-21', 'Cartão', 21),
(49, '2023-11-09', 'Cartão', 29),
(50, '2020-01-08', 'Dinheiro', 7),
(51, '2022-06-25', 'Dinheiro', 24),
(52, '2020-09-18', 'Cartão', 72),
(53, '2021-06-14', 'Dinheiro', 55),
(54, '2021-04-22', 'Dinheiro', 86),
(55, '2020-09-27', 'Cartão', 70),
(56, '2023-12-09', 'Cartão', 72),
(57, '2021-04-18', 'Dinheiro', 46),
(58, '2021-08-01', 'Dinheiro', 31),
(59, '2020-11-11', 'Dinheiro', 20),
(60, '2023-01-27', 'Dinheiro', 26),
(61, '2022-06-19', 'Dinheiro', 39),
(62, '2023-08-28', 'Cartão', 27),
(63, '2023-01-21', 'Dinheiro', 28),
(64, '2022-10-26', 'Cartão', 4),
(65, '2020-03-04', 'Dinheiro', 53),
(66, '2021-01-13', 'Dinheiro', 100),
(67, '2022-09-06', 'Dinheiro', 24),
(68, '2020-03-21', 'Cartão', 83),
(69, '2023-08-12', 'Cartão', 33),
(70, '2023-10-24', 'Dinheiro', 21),
(71, '2021-06-24', 'Cartão', 74),
(72, '2022-05-25', 'Cartão', 33),
(73, '2020-06-25', 'Dinheiro', 34),
(74, '2021-02-09', 'Cartão', 45),
(75, '2020-03-26', 'Dinheiro', 21),
(76, '2021-07-13', 'Cartão', 72),
(77, '2020-10-12', 'Dinheiro', 91),
(78, '2020-12-10', 'Dinheiro', 17),
(79, '2021-10-02', 'Cartão', 37),
(80, '2023-09-25', 'Dinheiro', 70),
(81, '2022-12-21', 'Dinheiro', 67),
(82, '2022-06-20', 'Cartão', 78),
(83, '2023-01-19', 'Dinheiro', 32),
(84, '2022-12-23', 'Dinheiro', 52),
(85, '2023-04-01', 'Cartão', 62),
(86, '2023-02-14', 'Cartão', 64),
(87, '2023-04-02', 'Dinheiro', 15),
(88, '2022-12-28', 'Dinheiro', 100),
(89, '2022-06-21', 'Dinheiro', 56),
(90, '2022-03-06', 'Dinheiro', 49),
(91, '2020-06-16', 'Dinheiro', 8),
(92, '2021-09-24', 'Dinheiro', 10),
(93, '2022-04-06', 'Cartão', 31),
(94, '2022-02-27', 'Cartão', 33),
(95, '2022-04-20', 'Dinheiro', 4),
(96, '2021-10-20', 'Dinheiro', 55),
(97, '2022-11-01', 'Dinheiro', 33),
(98, '2022-10-15', 'Dinheiro', 44),
(99, '2023-01-17', 'Cartão', 16),
(100, '2023-09-01', 'Dinheiro', 34);

-- --------------------------------------------------------

--
-- Estrutura para tabela `pet`
--

DROP TABLE IF EXISTS `pet`;
CREATE TABLE IF NOT EXISTS `pet` (
  `cod_pet` int NOT NULL AUTO_INCREMENT,
  `especie` varchar(20) DEFAULT NULL,
  `nome` varchar(100) DEFAULT NULL,
  `raca` varchar(50) DEFAULT NULL,
  `idade` int DEFAULT NULL,
  `id_cliente` int DEFAULT NULL,
  PRIMARY KEY (`cod_pet`),
  KEY `id_cliente` (`id_cliente`)
) ENGINE=MyISAM AUTO_INCREMENT=101 DEFAULT CHARSET=utf8mb4 COLLATE=utf8mb4_0900_ai_ci;

--
-- Despejando dados para a tabela `pet`
--

INSERT INTO `pet` (`cod_pet`, `especie`, `nome`, `raca`, `idade`, `id_cliente`) VALUES
(1, 'cup197yijM', 't6iTOegl9O', 'gZtpT31wGn', 10, 18),
(2, 'M6w3H0Xgvk', '70y2d3SyC3', 'Pkp8PUDIv3', 3, 98),
(3, 'WtXckn1DdL', '78NHljDVCw', 'E6REj6jJcq', 15, 50),
(4, 'gFvvu92nbD', 'qGH3UP1UGn', 'tsXJnhQlYo', 13, 70),
(5, 'dMwOcHpEId', '7t2MwJn7Ap', 'wbumbEu3kE', 5, 73),
(6, 'UsIwIjQj8n', 'Il3yqXtMhS', 'Dr5jMCW6di', 2, 91),
(7, 'vsNrR1dCeQ', 'K001fxls24', 'wS62YEdZGj', 9, 92),
(8, '6589KFXOuC', 'zplWdsw78p', 'krbtYPvcIC', 12, 15),
(9, 'adDonYbeDY', 't5KzLjJrVe', 'ntLU8oL3ro', 3, 13),
(10, 'hiV2LX6dXl', '0jNVKOc5ys', 'O2kXhGghcg', 9, 71),
(11, 'c4P4T0wdlB', 'tpNKNDx7Ev', '5tDghIrZrB', 12, 66),
(12, 'Ug6oOReEXr', '96x6EMexvA', 'wLAFZWXWIz', 13, 14),
(13, 'irzSUAVTVK', 'n8fmOA6Jco', 'a4LNYJkrSH', 10, 96),
(14, 'qHxrydBywl', 'uRXYOQkg5e', '6Q5Drkbp7f', 13, 21),
(15, 'FXTueXGyIy', 'OYpniH0dfl', 'ojYGJyH2Me', 8, 3),
(16, 'Tg80qNL607', 'OYiPJLllhY', 'rgwkWrWfGl', 6, 79),
(17, 'MYEJyD7vVD', 'Bk1tX6V56a', 'evBoF7Z3LV', 4, 14),
(18, '7ju6HpVWAa', 'H5DLFfD7BC', 'd81lUUtngv', 3, 32),
(19, 'AzTP152MEM', 'w0jlErjb7C', 'EmJ2qHMUDZ', 2, 21),
(20, 'Dlv243avKR', 'w811nuqHrN', 'HxwtNiyihz', 6, 91),
(21, 'ATOEinMS7P', '5l6UVcjNij', 'ylFk2cpDUL', 13, 62),
(22, 'GJFmBQvA0p', 'EsVgu9mcVq', 'Kf0YLJYXSi', 14, 98),
(23, 'NSLraB31Oi', 'w6OPp7T0JY', '9N8Hgv2zs7', 13, 83),
(24, 'y2EX3h4Ryb', 'NfOOiodDad', 'GLUrogSREW', 2, 46),
(25, 'moyDPSNNLq', '95pzgY64Ps', 'A1FemNk01Y', 6, 73),
(26, 'Iwj2Jc2syi', 'HNU64nV6Jj', 'armvniiXAK', 6, 54),
(27, '5ttHCdbeN6', '36fNxyb88C', '127cdpf0On', 7, 37),
(28, 'HqS4JRXkWO', 'ul9mRBfuSv', 'uZDqVdS43n', 5, 32),
(29, '0q2Jw3C0AW', 'FO7dD2q4pq', 'OLyXNIBgb4', 10, 44),
(30, 'arwzOanKfz', 'sIGM4GtW1g', 'LFIO57ffMc', 7, 30),
(31, 'Prv2qF6Jsl', 'nGISEFDK0v', 'FmjOSojBOC', 14, 30),
(32, 'Hs6sJ05neb', 'B95b4zbNRV', 'YNiacnyTJq', 10, 27),
(33, 'OKKJQh0LC4', 'tM9uRUILZr', 'thNswKQp6K', 6, 56),
(34, 'Y3sHMXggxb', '9QgptLVDLn', 'fymgn3DzHj', 14, 91),
(35, 'miDZy9W8qu', 'aMJuRdClE7', '8p12pptxBy', 15, 59),
(36, 'JFe83j9jqt', '2K691AZmBH', 'IGGdHYBCC5', 12, 40),
(37, 'lhba0bzV1S', 'Qhn33qoyus', 'FMCvOW7vKP', 10, 62),
(38, 'Pa8SlKDNLo', '447sxr2nEJ', '3iYVW4s5wD', 12, 82),
(39, 'hpVXuL0qZ8', 'U1lUHbIv0x', 'qdphzbQYjO', 10, 75),
(40, 'oGQyHpKkak', 'd6h3FiZcbY', 'YIll51oNdz', 5, 38),
(41, 'mZq6fqtDXz', 'EAz6D5OluJ', 'syFfh70vkJ', 15, 62),
(42, 'Dhsd8CYXJd', 'UeEcfe0h67', 'VspPNnzRHZ', 1, 47),
(43, 'nB1F956wG9', '2mUeoPlye1', 'VEmth4BsPu', 1, 8),
(44, 'gG4Ydhgpif', '8qIkywJZZT', 'j05y12qPCw', 12, 32),
(45, 'NBGC2COAGC', 'v5DTtAY8NH', '4Hv2DeOjwi', 4, 100),
(46, 'zKFIxVolgs', 'bo5lUz5MX0', 'cSA8rZDoPf', 6, 87),
(47, 'jjsAJQt0b6', 'ahFKCxwF5t', 'Lerjwn1mXQ', 2, 46),
(48, '4I4Sdw0dmp', 'Eu0TvfS6ND', 'leZcYmMIC9', 1, 28),
(49, 'UVrQ38h818', 'yvCSO4H06s', 'mMbsjGF8dz', 10, 31),
(50, 'lLsKDcPrpQ', '7asNJNRN6K', 'EkZKtwFihN', 8, 9),
(51, 'OdaNTn65bx', 'PB6K5A50Sq', 'xQPtyig84U', 3, 58),
(52, 'zDy3pil5vM', 'P0zfYNn5Oo', 'BvQa1eA0k2', 9, 12),
(53, 'vfPplWXctb', 'Ef5KiL6fc5', 'mQAzecnWwx', 10, 64),
(54, 'cXqgyAmVB4', 'kXIYTFRYKq', 'OekDi02oaT', 14, 12),
(55, 'lJPJlIEbuo', 'ClOHqhmKs2', '0qYYcjOQly', 6, 47),
(56, 'cZF9QCnkOB', 'NEUxpySChJ', '517ZQNtTpu', 5, 63),
(57, '2W39wAaqCG', 'sCq0WZWRhx', 'NozG71fkZX', 7, 5),
(58, 'Ax92lgoTCe', 'NAuTT4FgCb', 'XYKC7d8Jot', 14, 32),
(59, 'dp8ix5d6Nk', 'pUvDkmUzw7', 'Cpmkdy7sGc', 9, 22),
(60, 'w4382asJf3', 'V6FIh6nrY0', 'iIGKPLsS6T', 1, 5),
(61, '9epurAtMHx', 'skEHN439hf', 'CBuHWY2wpn', 1, 35),
(62, 'PZQXNoUZmw', '63z9En3eWy', 'C8h3qgAWUu', 10, 79),
(63, 'JjPUjx6Lze', '5hJx9j8bHU', 'V9Y9gREthV', 7, 78),
(64, 'TLWnD9ax2v', 'qzd3JEVZdM', '8kpQqTKMMF', 13, 7),
(65, 'i1USrupUeW', 'UyfSFdtm5D', '9MN6KSBnaJ', 10, 12),
(66, 'AXgXxBIUUf', 'IX8gyeqoza', 'HMZzYIuO3D', 6, 15),
(67, 'MhIAq9uU4T', '2DaCKLMJIg', '9lUYteGpIG', 14, 42),
(68, 'Ve7Vg4rGj0', '5a17H6qcrM', 'B8ZJZJAzvZ', 4, 6),
(69, '5D3K5hgICi', '2JRPjny1yf', 'eDe70TCMev', 8, 95),
(70, '92KK27MzLw', 'QYFkWmwpOB', 'ZUCg7KLRSx', 9, 52),
(71, 'UjKBLrootZ', 'BKLAsgmVcT', 'lMuTtYNAST', 11, 83),
(72, 'YvZohxfLCy', '5ksjLmtkZG', 'CF16iSXIqJ', 14, 61),
(73, 'Jt9ZKQd2ER', 'VSANt5JVqp', 'GnSkBSZWTE', 9, 59),
(74, 'd5Bv0AcbqT', 'BP9VQBOI7h', '7WHnmiJqsT', 1, 44),
(75, 'SCCli7M5ZV', 'kE0koxwvvG', 'Nd6lPLlg7u', 5, 10),
(76, 'FTifoCOhmH', 'jD8tuJniFP', 'D1dPDxDYaM', 10, 2),
(77, 'm91cpeVCeX', '9vsxbJAcrF', '7VWXmgYG6w', 1, 64),
(78, 'OLYpB5RCgI', 'DfKWSe3o2V', '05MMVaOJCZ', 1, 92),
(79, 'tngFikhFTa', '6NFDIy8Wrf', 'xdK0xpDMHy', 12, 93),
(80, 'I0U6NyLtdS', 'cD5BUq6eWW', 'twk7i5O2YE', 8, 68),
(81, 'rmzXC2oxa3', 'WtJRUQdOYx', 'mhRG2M2Gni', 9, 8),
(82, '8tapojZCWy', 'KMph9lTD5N', 'CBGyPXn0d4', 15, 46),
(83, '6Z0iY4RSRk', '7JIiUwmP9U', 'oDlvW814YB', 11, 11),
(84, 'WSXR3MoQjC', 'XbXs7B5jM5', 'WeN4hNay5q', 5, 45),
(85, 'aLIlMngfzp', 'yo1CZizJni', 'CBLoCP4nVH', 12, 35),
(86, 'Gy6bu49Bcu', 'vJ7XeyLK7g', 'zko1FGA19X', 14, 84),
(87, '1yelZLshvp', 'fyms9vmtz0', 'hn0cMwMb3x', 1, 25),
(88, 'sPY0KwRggs', 'pJcgVp3oRq', 'YgI0cRo3nx', 7, 74),
(89, 'vuKVc1HOWk', 'qpKOpMQJOe', '2qvKB4pC2g', 4, 5),
(90, 'rb6LeQhrGd', 'ZSDeE9oZKd', 'pHspW1V4g3', 2, 30),
(91, 'EinyimZ1Wm', 'eJTW6V4vHI', 'ou1bGve46t', 2, 52),
(92, 'veavM5x57M', 'JwwnS16MVd', 'dWFd2swocM', 6, 50),
(93, 'KWmgC0HrQF', 'gMBIVbBqdH', 'yOOrFqHf2b', 13, 61),
(94, 'j1UppYqUix', 'oVVjQkhEs4', 'FbGsNPkx9q', 10, 24),
(95, '4MrecRAHCK', 'DragPsOtGG', 'NPfU86fjdr', 2, 5),
(96, 'hdpfEtEE6A', 'bDsetWdslc', 'RPkHvxkio3', 6, 79),
(97, 'NeSlJtK0lU', '584IQAdOOx', 't7YgpWPk9l', 9, 15),
(98, 'a55wLoffiW', '1jEhrIUf60', 'Ixob7NirXc', 7, 10),
(99, '2W6YO00Amp', 'IEwkgKZtj1', 'xMmFwt1dp8', 15, 31),
(100, 'zWvLjP5RBZ', 'Jxh0exuaAb', 'ZfziIW1gNF', 5, 14);

-- --------------------------------------------------------

--
-- Estrutura para tabela `reserva`
--

DROP TABLE IF EXISTS `reserva`;
CREATE TABLE IF NOT EXISTS `reserva` (
  `cod_reserva` int NOT NULL AUTO_INCREMENT,
  `Data_Inicio` date DEFAULT NULL,
  `Data_Fim` date DEFAULT NULL,
  `valor_total` float DEFAULT NULL,
  `id_cliente` int DEFAULT NULL,
  PRIMARY KEY (`cod_reserva`),
  KEY `id_cliente` (`id_cliente`)
) ENGINE=MyISAM AUTO_INCREMENT=101 DEFAULT CHARSET=utf8mb4 COLLATE=utf8mb4_0900_ai_ci;

--
-- Despejando dados para a tabela `reserva`
--

INSERT INTO `reserva` (`cod_reserva`, `Data_Inicio`, `Data_Fim`, `valor_total`, `id_cliente`) VALUES
(1, '2020-03-24', '2020-04-01', 315.95, 4),
(2, '2020-06-14', '2023-06-01', 380.93, 27),
(3, '2021-01-19', '2023-09-23', 176.38, 84),
(4, '2020-03-05', '2020-08-05', 296.6, 58),
(5, '2020-10-19', '2020-02-28', 422.17, 93),
(6, '2022-12-11', '2021-09-16', 176.46, 50),
(7, '2022-06-12', '2020-03-16', 123.13, 50),
(8, '2023-09-25', '2022-09-18', 210.34, 69),
(9, '2023-06-19', '2022-11-04', 169.32, 90),
(10, '2023-02-10', '2022-12-21', 218.03, 30),
(11, '2021-11-04', '2020-04-16', 169.48, 21),
(12, '2023-10-25', '2021-08-27', 130.23, 72),
(13, '2021-12-17', '2022-04-04', 317.57, 93),
(14, '2020-06-04', '2023-10-15', 133.94, 90),
(15, '2021-06-19', '2020-04-23', 424.78, 40),
(16, '2022-06-23', '2020-11-18', 340.77, 61),
(17, '2023-03-15', '2022-09-23', 423.03, 6),
(18, '2020-12-05', '2023-11-17', 483.56, 37),
(19, '2021-11-06', '2022-04-05', 408.5, 52),
(20, '2022-03-12', '2020-01-01', 331.29, 94),
(21, '2021-01-24', '2020-11-02', 326.43, 45),
(22, '2022-02-09', '2022-08-08', 454.94, 69),
(23, '2023-08-12', '2022-12-18', 449.17, 66),
(24, '2022-06-02', '2020-06-01', 303.55, 11),
(25, '2020-05-16', '2020-10-12', 60.77, 61),
(26, '2022-06-05', '2021-06-20', 498.82, 46),
(27, '2023-10-01', '2021-12-17', 374.4, 92),
(28, '2022-01-23', '2021-12-18', 61.79, 21),
(29, '2022-07-15', '2021-06-11', 335.39, 29),
(30, '2021-04-12', '2021-07-06', 405.82, 35),
(31, '2020-09-12', '2023-09-14', 222.37, 43),
(32, '2021-07-15', '2022-10-05', 190.33, 52),
(33, '2020-09-05', '2020-03-06', 128.83, 2),
(34, '2023-10-07', '2022-04-11', 268.87, 32),
(35, '2022-03-25', '2022-07-06', 377.16, 68),
(36, '2021-07-19', '2021-11-16', 61.16, 42),
(37, '2022-06-16', '2022-04-07', 142.87, 58),
(38, '2020-10-20', '2020-06-17', 411.48, 71),
(39, '2020-10-10', '2022-07-16', 115.75, 64),
(40, '2020-09-06', '2023-06-16', 432.55, 45),
(41, '2020-07-23', '2021-09-11', 62.79, 15),
(42, '2020-01-21', '2021-09-23', 185.46, 63),
(43, '2022-08-19', '2021-02-12', 379.58, 12),
(44, '2022-06-17', '2023-05-01', 280.35, 16),
(45, '2021-08-27', '2020-11-07', 191.44, 51),
(46, '2022-07-20', '2020-05-20', 255.16, 76),
(47, '2020-11-01', '2022-05-26', 54.49, 21),
(48, '2022-07-23', '2021-05-20', 207.56, 23),
(49, '2023-01-14', '2020-06-11', 310.77, 60),
(50, '2023-06-09', '2021-05-09', 388.79, 29),
(51, '2021-02-04', '2022-05-05', 118.84, 15),
(52, '2022-10-03', '2023-03-11', 325.67, 51),
(53, '2020-03-07', '2022-06-09', 356.27, 34),
(54, '2022-08-01', '2020-03-05', 132.17, 15),
(55, '2022-03-03', '2021-10-08', 103.08, 59),
(56, '2021-11-09', '2021-12-28', 291.68, 73),
(57, '2022-10-27', '2020-03-06', 242.46, 63),
(58, '2022-12-14', '2020-09-17', 184.52, 43),
(59, '2023-05-15', '2022-10-11', 290.23, 16),
(60, '2021-12-11', '2021-01-12', 70.25, 7),
(61, '2020-09-12', '2022-08-03', 80.57, 71),
(62, '2023-06-16', '2021-05-12', 82.39, 77),
(63, '2021-03-09', '2023-08-27', 65.39, 45),
(64, '2021-01-28', '2023-09-19', 348.87, 68),
(65, '2021-07-08', '2021-11-19', 208.83, 34),
(66, '2022-10-17', '2023-10-28', 246.68, 33),
(67, '2021-07-27', '2020-11-20', 375.11, 30),
(68, '2023-05-21', '2020-04-26', 201.74, 77),
(69, '2020-07-17', '2021-11-27', 451.66, 96),
(70, '2021-12-09', '2021-06-23', 381.88, 89),
(71, '2023-07-12', '2023-05-04', 376.78, 3),
(72, '2022-04-16', '2021-02-28', 283.52, 47),
(73, '2022-02-05', '2021-03-27', 68.52, 80),
(74, '2023-10-19', '2021-02-16', 476.49, 77),
(75, '2023-12-05', '2021-10-17', 307.38, 55),
(76, '2022-05-09', '2020-03-24', 148.93, 90),
(77, '2022-02-23', '2023-10-25', 418.29, 86),
(78, '2021-07-08', '2022-03-13', 465.06, 57),
(79, '2023-10-23', '2020-10-14', 255.59, 16),
(80, '2020-04-06', '2023-04-08', 122.21, 16),
(81, '2022-06-24', '2022-06-06', 415.12, 72),
(82, '2021-06-06', '2022-09-23', 109.04, 32),
(83, '2020-05-10', '2021-10-08', 365.21, 100),
(84, '2022-10-23', '2022-09-12', 300.12, 3),
(85, '2021-11-12', '2020-03-12', 366.5, 17),
(86, '2021-06-11', '2020-09-09', 239.26, 95),
(87, '2020-01-19', '2020-04-02', 171.21, 34),
(88, '2022-10-11', '2023-05-22', 393.69, 86),
(89, '2022-01-12', '2021-02-01', 386.88, 57),
(90, '2022-08-24', '2020-02-18', 104.72, 69),
(91, '2022-05-28', '2021-01-19', 324.06, 14),
(92, '2020-12-11', '2023-01-23', 450.91, 52),
(93, '2020-03-12', '2021-10-18', 225.97, 68),
(94, '2021-12-13', '2020-08-27', 266.38, 58),
(95, '2021-11-06', '2021-11-24', 81.5, 95),
(96, '2023-01-10', '2020-01-08', 370.3, 24),
(97, '2021-01-24', '2020-02-16', 263.83, 23),
(98, '2022-03-09', '2020-10-19', 266.19, 34),
(99, '2021-01-11', '2021-09-06', 294.17, 49),
(100, '2023-09-12', '2020-04-19', 417.5, 27);
COMMIT;

/*!40101 SET CHARACTER_SET_CLIENT=@OLD_CHARACTER_SET_CLIENT */;
/*!40101 SET CHARACTER_SET_RESULTS=@OLD_CHARACTER_SET_RESULTS */;
/*!40101 SET COLLATION_CONNECTION=@OLD_COLLATION_CONNECTION */;
